<?xml version="1.0" encoding="UTF-8"?>
<project-private xmlns="http://www.netbeans.org/ns/project-private/1">
    <editor-bookmarks xmlns="http://www.netbeans.org/ns/editor-bookmarks/2" lastBookmarkId="0"/>
    <open-files xmlns="http://www.netbeans.org/ns/projectui-open-files/2">
        <group>
            <file>file:/C:/Users/pedro/OneDrive/Documentos/NetBeansProjects/TiendaVideojuegos/src/app/AppOptimizada.java</file>
            <file>file:/C:/Users/pedro/OneDrive/Documentos/NetBeansProjects/TiendaVideojuegos/src/clasesDAO/JuegoDao.java</file>
            <file>file:/C:/Users/pedro/OneDrive/Documentos/NetBeansProjects/TiendaVideojuegos/src/clasesDAO/ConsolaDao.java</file>
            <file>file:/C:/Users/pedro/OneDrive/Documentos/NetBeansProjects/TiendaVideojuegos/src/clasesDAO/UsuarioDao.java</file>
            <file>file:/C:/Users/pedro/OneDrive/Documentos/NetBeansProjects/TiendaVideojuegos/src/clasesDAO/VentaDao.java</file>
            <file>file:/C:/Users/pedro/OneDrive/Documentos/NetBeansProjects/TiendaVideojuegos/src/clasesDAO/MarcaDao.java</file>
            <file>file:/C:/Users/pedro/OneDrive/Documentos/NetBeansProjects/TiendaVideojuegos/src/clasesDAO/CriticaDao.java</file>
        </group>
    </open-files>
</project-private>
